date_time,transaction_id,revenue,branch_id
2025-08-22T05:12:06,2025-08-00001-VAL,2850.00,VAL-B-NCR
2025-09-14T18:29:00,2025-09-00002-SMGRA,375.00,SMGRA-B-NCR
2025-08-31T22:05:07,2025-08-00002-VAL,2000.00,VAL-B-NCR
2025-08-24T14:49:14,2025-08-00002-SMVAL,1900.00,SMVAL-B-NCR
2025-07-19T10:48:10,2025-07-00002-SMVAL,2725.00,SMVAL-B-NCR
2025-07-10T20:44:28,2025-07-00003-SMVAL,3750.00,SMVAL-B-NCR
2025-07-12T09:37:44,2025-07-00004-SMVAL,1075.00,SMVAL-B-NCR
2025-07-11T23:11:47,2025-07-00003-VAL,4000.00,VAL-B-NCR
2025-07-17T15:00:40,2025-07-00005-SMVAL,525.00,SMVAL-B-NCR
2025-07-17T21:08:19,2025-07-00004-VAL,1275.00,VAL-B-NCR
2025-07-25T11:18:07,2025-07-00006-SMVAL,1250.00,SMVAL-B-NCR
2025-08-20T02:49:15,2025-08-00003-SMGRA,875.00,SMGRA-B-NCR
2025-09-05T00:59:12,2025-09-00003-SMVAL,1825.00,SMVAL-B-NCR
2025-08-08T08:09:49,2025-08-00005-SMGRA,250.00,SMGRA-B-NCR
2025-08-19T21:34:16,2025-08-00004-VAL,550.00,VAL-B-NCR
2025-08-05T06:37:14,2025-08-00005-VAL,1525.00,VAL-B-NCR
2025-08-24T23:30:59,2025-08-00006-SMGRA,300.00,SMGRA-B-NCR
2025-09-03T12:02:37,2025-09-00003-VAL,2375.00,VAL-B-NCR
2025-09-03T10:38:10,2025-09-00004-SMGRA,1950.00,SMGRA-B-NCR
2025-08-26T02:41:50,2025-08-00007-SMGRA,1625.00,SMGRA-B-NCR
2025-09-08T15:36:47,2025-09-00004-VAL,2175.00,VAL-B-NCR
2025-06-29T08:25:40,2025-06-00001-VAL,1300.00,VAL-B-NCR
2025-07-24T20:56:32,2025-07-00001-SMGRA,2700.00,SMGRA-B-NCR
2025-07-15T12:00:28,2025-07-00006-VAL,1800.00,VAL-B-NCR
2025-08-10T22:40:09,2025-08-00006-VAL,1725.00,VAL-B-NCR
2025-07-26T16:37:51,2025-07-00003-SMGRA,2075.00,SMGRA-B-NCR
2025-09-16T05:32:16,2025-09-00006-VAL,225.00,VAL-B-NCR
2025-09-19T19:25:42,2025-09-00007-VAL,1900.00,VAL-B-NCR
2025-08-02T07:15:11,2025-08-00007-VAL,2425.00,VAL-B-NCR
2025-09-02T13:19:13,2025-09-00005-SMGRA,825.00,SMGRA-B-NCR
2025-07-23T14:28:09,2025-07-00006-SMGRA,1800.00,SMGRA-B-NCR
2025-09-08T03:58:13,2025-09-00010-VAL,1125.00,VAL-B-NCR
2025-08-15T15:31:12,2025-08-00009-SMGRA,4200.00,SMGRA-B-NCR
2025-09-16T23:41:56,2025-09-00007-SMGRA,500.00,SMGRA-B-NCR
2025-08-18T11:22:43,2025-08-00010-SMGRA,975.00,SMGRA-B-NCR
2025-09-12T22:20:22,2025-09-00008-SMGRA,1650.00,SMGRA-B-NCR
2025-08-31T07:49:57,2025-08-00008-VAL,1125.00,VAL-B-NCR
2025-07-05T09:54:25,2025-07-00008-VAL,1525.00,VAL-B-NCR
2025-07-21T10:58:27,2025-07-00008-SMVAL,1600.00,SMVAL-B-NCR
2025-08-07T08:04:01,2025-08-00010-VAL,2250.00,VAL-B-NCR
2025-09-05T23:24:38,2025-09-00009-SMGRA,1550.00,SMGRA-B-NCR
2025-07-04T11:18:05,2025-07-00010-VAL,825.00,VAL-B-NCR
2025-07-14T02:15:09,2025-07-00011-VAL,2750.00,VAL-B-NCR
2025-08-16T12:19:10,2025-08-00011-SMGRA,3975.00,SMGRA-B-NCR
2025-08-26T06:59:26,2025-08-00006-SMVAL,5125.00,SMVAL-B-NCR
2025-08-20T01:35:26,2025-08-00011-VAL,500.00,VAL-B-NCR
2025-07-19T13:23:33,2025-07-00009-SMGRA,1125.00,SMGRA-B-NCR
2025-08-24T05:03:11,2025-08-00012-SMGRA,975.00,SMGRA-B-NCR
2025-07-31T08:39:07,2025-07-00012-VAL,650.00,VAL-B-NCR
2025-08-09T08:45:31,2025-08-00013-SMGRA,1075.00,SMGRA-B-NCR
2025-08-07T06:48:06,2025-08-00013-VAL,5125.00,VAL-B-NCR
2025-09-21T16:09:43,2025-09-00012-VAL,4125.00,VAL-B-NCR
2025-07-18T18:10:10,2025-07-00011-SMGRA,675.00,SMGRA-B-NCR
2025-09-20T11:38:09,2025-09-00011-SMGRA,2150.00,SMGRA-B-NCR
2025-07-11T11:32:33,2025-07-00012-SMGRA,4375.00,SMGRA-B-NCR
2025-08-30T10:20:30,2025-08-00009-SMVAL,375.00,SMVAL-B-NCR
2025-09-05T01:29:59,2025-09-00005-SMVAL,2825.00,SMVAL-B-NCR
2025-08-07T22:05:16,2025-08-00010-SMVAL,3275.00,SMVAL-B-NCR
2025-08-22T08:45:52,2025-08-00011-SMVAL,825.00,SMVAL-B-NCR
2025-08-10T14:40:55,2025-08-00014-VAL,2775.00,VAL-B-NCR
2025-08-10T05:15:09,2025-08-00012-SMVAL,4025.00,SMVAL-B-NCR
2025-09-05T10:54:54,2025-09-00013-VAL,2625.00,VAL-B-NCR
2025-09-13T22:33:50,2025-09-00014-VAL,900.00,VAL-B-NCR
2025-08-25T07:00:00,2025-08-00013-SMVAL,375.00,SMVAL-B-NCR
2025-07-27T17:26:33,2025-07-00010-SMVAL,375.00,SMVAL-B-NCR
2025-07-31T23:30:59,2025-07-00011-SMVAL,625.00,SMVAL-B-NCR
2025-08-05T09:01:52,2025-08-00014-SMVAL,1125.00,SMVAL-B-NCR
2025-09-20T18:17:46,2025-09-00013-SMGRA,4200.00,SMGRA-B-NCR
2025-09-05T04:05:07,2025-09-00006-SMVAL,3075.00,SMVAL-B-NCR
2025-08-21T13:44:39,2025-08-00016-VAL,225.00,VAL-B-NCR
2025-06-25T00:49:39,2025-06-00004-VAL,1975.00,VAL-B-NCR
2025-06-27T08:45:44,2025-06-00002-SMVAL,650.00,SMVAL-B-NCR
2025-07-02T05:06:07,2025-07-00013-SMGRA,1125.00,SMGRA-B-NCR
2025-08-30T08:02:52,2025-08-00017-VAL,3500.00,VAL-B-NCR
2025-07-23T10:56:58,2025-07-00014-SMGRA,750.00,SMGRA-B-NCR
2025-09-15T02:52:43,2025-09-00016-VAL,325.00,VAL-B-NCR
2025-08-05T10:18:21,2025-08-00018-VAL,2325.00,VAL-B-NCR
2025-08-26T16:46:41,2025-08-00015-SMVAL,3175.00,SMVAL-B-NCR
2025-07-22T18:24:47,2025-07-00014-VAL,4600.00,VAL-B-NCR
2025-07-17T03:53:46,2025-07-00014-SMVAL,375.00,SMVAL-B-NCR
2025-06-27T07:32:32,2025-06-00001-SMGRA,625.00,SMGRA-B-NCR
2025-09-21T02:51:19,2025-09-00015-SMGRA,1850.00,SMGRA-B-NCR
2025-07-18T21:19:51,2025-07-00015-SMGRA,750.00,SMGRA-B-NCR
2025-08-03T16:11:32,2025-08-00019-VAL,2750.00,VAL-B-NCR
2025-08-13T00:26:57,2025-08-00020-VAL,2275.00,VAL-B-NCR
2025-08-02T17:37:49,2025-08-00017-SMVAL,1075.00,SMVAL-B-NCR
2025-08-05T21:57:44,2025-08-00015-SMGRA,675.00,SMGRA-B-NCR
2025-08-20T10:36:25,2025-08-00016-SMGRA,2225.00,SMGRA-B-NCR
2025-08-19T03:51:26,2025-08-00019-SMVAL,3000.00,SMVAL-B-NCR
2025-07-17T20:05:39,2025-07-00015-SMVAL,1050.00,SMVAL-B-NCR
2025-07-05T04:52:36,2025-07-00016-VAL,5750.00,VAL-B-NCR
2025-07-08T23:47:58,2025-07-00017-SMVAL,2425.00,SMVAL-B-NCR
2025-09-19T14:17:52,2025-09-00017-VAL,1350.00,VAL-B-NCR
2025-09-07T00:05:24,2025-09-00017-SMGRA,1200.00,SMGRA-B-NCR
2025-08-07T01:45:45,2025-08-00020-SMVAL,2600.00,SMVAL-B-NCR
2025-07-11T17:23:33,2025-07-00019-SMVAL,5900.00,SMVAL-B-NCR
2025-07-12T09:01:17,2025-07-00018-VAL,2125.00,VAL-B-NCR
2025-09-14T21:37:27,2025-09-00007-SMVAL,3050.00,SMVAL-B-NCR
2025-07-28T07:51:17,2025-07-00020-SMVAL,3750.00,SMVAL-B-NCR
2025-08-31T02:19:31,2025-08-00022-VAL,4200.00,VAL-B-NCR
2025-06-26T08:54:13,2025-06-00004-SMVAL,2075.00,SMVAL-B-NCR
2025-08-11T04:20:50,2025-08-00017-SMGRA,1200.00,SMGRA-B-NCR
2025-09-05T11:03:54,2025-09-00018-SMGRA,1850.00,SMGRA-B-NCR
2025-08-03T03:47:04,2025-08-00021-SMVAL,1300.00,SMVAL-B-NCR
2025-07-07T18:24:07,2025-07-00021-SMVAL,1300.00,SMVAL-B-NCR
2025-08-14T11:52:42,2025-08-00023-VAL,2875.00,VAL-B-NCR
2025-08-04T14:48:02,2025-08-00022-SMVAL,825.00,SMVAL-B-NCR
2025-09-03T09:05:48,2025-09-00009-SMVAL,475.00,SMVAL-B-NCR
2025-08-31T13:00:49,2025-08-00018-SMGRA,825.00,SMGRA-B-NCR
2025-09-22T13:03:46,2025-09-00019-SMGRA,4000.00,SMGRA-B-NCR
2025-09-10T07:57:59,2025-09-00011-SMVAL,475.00,SMVAL-B-NCR
2025-08-04T06:20:33,2025-08-00019-SMGRA,2450.00,SMGRA-B-NCR
2025-09-11T08:02:33,2025-09-00020-SMGRA,900.00,SMGRA-B-NCR
2025-08-12T12:47:16,2025-08-00020-SMGRA,1225.00,SMGRA-B-NCR
2025-09-22T20:10:28,2025-09-00022-SMGRA,2650.00,SMGRA-B-NCR
2025-07-07T00:56:13,2025-07-00022-SMVAL,1350.00,SMVAL-B-NCR
2025-07-17T06:05:10,2025-07-00024-SMVAL,2175.00,SMVAL-B-NCR
2025-08-05T10:03:22,2025-08-00021-SMGRA,1500.00,SMGRA-B-NCR
2025-07-08T20:29:12,2025-07-00025-SMVAL,1025.00,SMVAL-B-NCR
2025-08-16T17:38:19,2025-08-00022-SMGRA,575.00,SMGRA-B-NCR
2025-07-19T07:18:29,2025-07-00026-SMVAL,375.00,SMVAL-B-NCR
2025-06-28T08:48:31,2025-06-00005-VAL,1375.00,VAL-B-NCR
2025-09-21T03:17:27,2025-09-00020-VAL,250.00,VAL-B-NCR
2025-06-27T00:19:26,2025-06-00006-VAL,2600.00,VAL-B-NCR
2025-09-15T21:37:06,2025-09-00023-SMGRA,675.00,SMGRA-B-NCR
2025-07-28T21:19:11,2025-07-00022-VAL,3200.00,VAL-B-NCR
2025-08-04T06:33:59,2025-08-00024-SMVAL,325.00,SMVAL-B-NCR
2025-09-14T09:18:46,2025-09-00025-SMGRA,325.00,SMGRA-B-NCR
2025-07-27T17:16:20,2025-07-00021-SMGRA,2925.00,SMGRA-B-NCR
2025-09-19T11:23:07,2025-09-00022-VAL,325.00,VAL-B-NCR
2025-09-12T09:46:07,2025-09-00026-SMGRA,1700.00,SMGRA-B-NCR
2025-07-15T03:46:33,2025-07-00023-VAL,1200.00,VAL-B-NCR
2025-06-30T02:18:21,2025-06-00007-VAL,4250.00,VAL-B-NCR
2025-09-15T05:42:48,2025-09-00027-SMGRA,2475.00,SMGRA-B-NCR
2025-08-07T12:55:48,2025-08-00024-SMGRA,775.00,SMGRA-B-NCR
2025-09-21T09:02:17,2025-09-00023-VAL,2275.00,VAL-B-NCR
2025-08-08T04:49:49,2025-08-00026-SMGRA,2600.00,SMGRA-B-NCR
2025-07-02T07:16:41,2025-07-00025-VAL,250.00,VAL-B-NCR
2025-09-14T23:34:46,2025-09-00024-VAL,1200.00,VAL-B-NCR
2025-07-15T21:15:44,2025-07-00026-VAL,2275.00,VAL-B-NCR
2025-08-31T17:17:20,2025-08-00027-SMGRA,3450.00,SMGRA-B-NCR
2025-08-29T02:59:53,2025-08-00025-SMVAL,2700.00,SMVAL-B-NCR
2025-08-28T03:51:51,2025-08-00025-VAL,1800.00,VAL-B-NCR
2025-09-02T10:44:23,2025-09-00028-SMGRA,750.00,SMGRA-B-NCR
2025-09-03T03:05:57,2025-09-00026-VAL,750.00,VAL-B-NCR
2025-09-07T17:44:17,2025-09-00027-VAL,900.00,VAL-B-NCR
2025-08-28T22:59:48,2025-08-00026-SMVAL,2100.00,SMVAL-B-NCR
2025-07-21T21:30:36,2025-07-00033-SMVAL,3250.00,SMVAL-B-NCR
2025-09-20T12:28:34,2025-09-00028-VAL,575.00,VAL-B-NCR
2025-07-14T22:02:45,2025-07-00034-SMVAL,1875.00,SMVAL-B-NCR
2025-09-10T19:38:05,2025-09-00014-SMVAL,3450.00,SMVAL-B-NCR
2025-07-24T03:03:06,2025-07-00027-VAL,625.00,VAL-B-NCR
2025-09-16T21:18:45,2025-09-00029-VAL,2375.00,VAL-B-NCR
2025-09-22T01:53:42,2025-09-00015-SMVAL,1375.00,SMVAL-B-NCR
2025-06-26T02:29:53,2025-06-00005-SMVAL,3300.00,SMVAL-B-NCR
2025-07-09T18:41:17,2025-07-00028-VAL,2275.00,VAL-B-NCR
2025-09-12T11:29:02,2025-09-00031-VAL,2675.00,VAL-B-NCR
2025-09-20T06:21:51,2025-09-00032-VAL,2100.00,VAL-B-NCR
2025-07-13T05:26:41,2025-07-00030-VAL,2875.00,VAL-B-NCR
2025-07-07T05:56:49,2025-07-00036-SMVAL,2475.00,SMVAL-B-NCR
2025-09-19T22:02:54,2025-09-00017-SMVAL,1200.00,SMVAL-B-NCR
2025-07-04T02:52:49,2025-07-00037-SMVAL,1450.00,SMVAL-B-NCR
2025-09-16T19:22:02,2025-09-00033-VAL,2350.00,VAL-B-NCR
2025-07-08T10:16:17,2025-07-00032-VAL,2325.00,VAL-B-NCR
2025-08-13T11:21:48,2025-08-00028-VAL,750.00,VAL-B-NCR
2025-09-20T22:31:27,2025-09-00034-VAL,2000.00,VAL-B-NCR
2025-08-01T19:45:37,2025-08-00030-SMGRA,900.00,SMGRA-B-NCR
2025-08-01T09:35:17,2025-08-00031-SMGRA,2300.00,SMGRA-B-NCR
2025-07-07T19:02:56,2025-07-00026-SMGRA,125.00,SMGRA-B-NCR
2025-06-30T02:33:45,2025-06-00009-VAL,4025.00,VAL-B-NCR
2025-08-15T18:22:31,2025-08-00029-VAL,2025.00,VAL-B-NCR
2025-08-14T00:00:25,2025-08-00033-SMGRA,3900.00,SMGRA-B-NCR
2025-09-07T09:05:49,2025-09-00020-SMVAL,125.00,SMVAL-B-NCR
2025-09-15T10:56:13,2025-09-00021-SMVAL,1275.00,SMVAL-B-NCR
2025-08-28T08:02:20,2025-08-00028-SMVAL,875.00,SMVAL-B-NCR
2025-07-01T19:57:27,2025-07-00033-VAL,2375.00,VAL-B-NCR
2025-09-18T15:03:29,2025-09-00035-VAL,2350.00,VAL-B-NCR
2025-09-20T13:36:37,2025-09-00022-SMVAL,1625.00,SMVAL-B-NCR
2025-07-21T19:35:17,2025-07-00040-SMVAL,825.00,SMVAL-B-NCR
2025-09-09T19:21:12,2025-09-00023-SMVAL,1225.00,SMVAL-B-NCR
2025-07-03T20:17:31,2025-07-00027-SMGRA,1025.00,SMGRA-B-NCR
2025-07-11T06:43:35,2025-07-00042-SMVAL,4475.00,SMVAL-B-NCR
2025-09-11T17:50:17,2025-09-00030-SMGRA,1625.00,SMGRA-B-NCR
2025-07-08T16:26:33,2025-07-00034-VAL,625.00,VAL-B-NCR
2025-08-01T16:00:13,2025-08-00030-VAL,1550.00,VAL-B-NCR
2025-08-16T11:46:36,2025-08-00031-VAL,2750.00,VAL-B-NCR
2025-09-06T21:57:53,2025-09-00036-VAL,2525.00,VAL-B-NCR
2025-08-11T13:47:48,2025-08-00032-SMVAL,2675.00,SMVAL-B-NCR
2025-06-30T12:09:10,2025-06-00011-VAL,750.00,VAL-B-NCR
2025-08-06T16:50:16,2025-08-00032-VAL,625.00,VAL-B-NCR
2025-08-09T02:24:38,2025-08-00033-SMVAL,2100.00,SMVAL-B-NCR
2025-07-25T13:31:44,2025-07-00036-VAL,1275.00,VAL-B-NCR
2025-08-31T11:17:59,2025-08-00033-VAL,2025.00,VAL-B-NCR
2025-07-31T20:54:06,2025-07-00043-SMVAL,2950.00,SMVAL-B-NCR
2025-07-03T12:24:18,2025-07-00044-SMVAL,2150.00,SMVAL-B-NCR
2025-09-09T03:57:33,2025-09-00031-SMGRA,975.00,SMGRA-B-NCR
2025-08-11T19:59:03,2025-08-00034-SMVAL,1175.00,SMVAL-B-NCR
2025-08-01T22:43:50,2025-08-00036-SMVAL,375.00,SMVAL-B-NCR
2025-08-31T15:49:41,2025-08-00037-SMVAL,2250.00,SMVAL-B-NCR
2025-07-07T09:17:48,2025-07-00030-SMGRA,2200.00,SMGRA-B-NCR
2025-08-18T11:46:29,2025-08-00037-VAL,975.00,VAL-B-NCR
2025-08-14T06:29:48,2025-08-00037-SMGRA,3000.00,SMGRA-B-NCR
2025-09-16T23:18:50,2025-09-00027-SMVAL,3375.00,SMVAL-B-NCR
2025-09-05T19:29:23,2025-09-00039-VAL,2550.00,VAL-B-NCR
2025-07-08T22:57:36,2025-07-00031-SMGRA,2025.00,SMGRA-B-NCR
2025-09-02T05:00:00,2025-09-00040-VAL,1725.00,VAL-B-NCR
2025-09-22T13:28:07,2025-09-00033-SMGRA,4800.00,SMGRA-B-NCR
2025-07-08T01:54:35,2025-07-00032-SMGRA,450.00,SMGRA-B-NCR
2025-07-17T14:06:08,2025-07-00038-VAL,250.00,VAL-B-NCR
2025-06-26T15:35:13,2025-06-00004-SMGRA,625.00,SMGRA-B-NCR
2025-09-20T02:56:51,2025-09-00034-SMGRA,2250.00,SMGRA-B-NCR
2025-08-25T21:07:17,2025-08-00038-SMGRA,625.00,SMGRA-B-NCR
2025-08-31T04:28:03,2025-08-00039-VAL,1300.00,VAL-B-NCR
2025-09-22T05:23:12,2025-09-00041-VAL,2775.00,VAL-B-NCR
2025-08-30T23:28:18,2025-08-00040-VAL,3250.00,VAL-B-NCR
2025-07-01T05:24:03,2025-07-00040-VAL,3250.00,VAL-B-NCR
2025-08-27T05:17:35,2025-08-00041-VAL,2700.00,VAL-B-NCR
2025-08-25T01:27:33,2025-08-00041-SMVAL,975.00,SMVAL-B-NCR
2025-09-18T03:10:52,2025-09-00036-SMGRA,2675.00,SMGRA-B-NCR
2025-07-06T05:13:47,2025-07-00048-SMVAL,6425.00,SMVAL-B-NCR
2025-09-03T17:51:42,2025-09-00028-SMVAL,825.00,SMVAL-B-NCR
2025-09-16T10:28:27,2025-09-00042-VAL,3025.00,VAL-B-NCR
2025-07-28T05:55:44,2025-07-00033-SMGRA,2100.00,SMGRA-B-NCR
2025-08-02T09:53:00,2025-08-00039-SMGRA,450.00,SMGRA-B-NCR
2025-08-26T15:00:00,2025-08-00043-VAL,4750.00,VAL-B-NCR
2025-07-11T00:37:57,2025-07-00041-VAL,2650.00,VAL-B-NCR
2025-09-08T07:16:57,2025-09-00029-SMVAL,3500.00,SMVAL-B-NCR
2025-08-30T04:56:54,2025-08-00044-VAL,2625.00,VAL-B-NCR
2025-07-20T21:39:42,2025-07-00043-VAL,1525.00,VAL-B-NCR
2025-08-19T04:20:15,2025-08-00045-VAL,2625.00,VAL-B-NCR
2025-07-09T20:42:40,2025-07-00035-SMGRA,2225.00,SMGRA-B-NCR
2025-08-03T04:10:03,2025-08-00046-VAL,2800.00,VAL-B-NCR
2025-07-06T21:03:04,2025-07-00049-SMVAL,1500.00,SMVAL-B-NCR
2025-09-09T04:27:07,2025-09-00044-VAL,2500.00,VAL-B-NCR
2025-08-20T23:20:30,2025-08-00044-SMVAL,2300.00,SMVAL-B-NCR
2025-07-13T01:02:51,2025-07-00045-VAL,375.00,VAL-B-NCR
2025-08-05T14:28:28,2025-08-00043-SMGRA,2225.00,SMGRA-B-NCR
2025-07-30T13:07:43,2025-07-00046-VAL,2350.00,VAL-B-NCR
2025-07-19T05:24:40,2025-07-00052-SMVAL,2400.00,SMVAL-B-NCR
2025-08-25T16:31:53,2025-08-00044-SMGRA,1600.00,SMGRA-B-NCR
2025-07-25T14:31:26,2025-07-00053-SMVAL,450.00,SMVAL-B-NCR
2025-09-13T15:30:38,2025-09-00032-SMVAL,3400.00,SMVAL-B-NCR
2025-08-02T09:03:11,2025-08-00045-SMGRA,1625.00,SMGRA-B-NCR
2025-09-05T09:13:31,2025-09-00045-VAL,2375.00,VAL-B-NCR
2025-09-19T03:52:16,2025-09-00046-VAL,3250.00,VAL-B-NCR
2025-06-27T06:51:10,2025-06-00006-SMVAL,750.00,SMVAL-B-NCR
2025-07-26T07:19:49,2025-07-00049-VAL,2800.00,VAL-B-NCR
2025-06-27T15:21:52,2025-06-00005-SMGRA,1500.00,SMGRA-B-NCR
2025-08-08T15:57:04,2025-08-00048-SMVAL,1375.00,SMVAL-B-NCR
2025-09-10T17:55:11,2025-09-00033-SMVAL,1300.00,SMVAL-B-NCR
2025-09-15T13:14:35,2025-09-00047-VAL,1275.00,VAL-B-NCR
2025-09-13T08:56:11,2025-09-00034-SMVAL,1400.00,SMVAL-B-NCR
2025-09-05T22:51:19,2025-09-00041-SMGRA,625.00,SMGRA-B-NCR
2025-08-05T18:48:12,2025-08-00046-SMGRA,2750.00,SMGRA-B-NCR
2025-07-22T16:34:54,2025-07-00051-VAL,4350.00,VAL-B-NCR
2025-08-01T17:41:31,2025-08-00050-SMVAL,150.00,SMVAL-B-NCR
2025-07-10T19:56:06,2025-07-00052-VAL,1225.00,VAL-B-NCR
2025-08-21T16:21:01,2025-08-00051-SMVAL,1850.00,SMVAL-B-NCR
2025-09-07T16:10:26,2025-09-00036-SMVAL,2725.00,SMVAL-B-NCR
2025-07-16T10:23:21,2025-07-00055-SMVAL,300.00,SMVAL-B-NCR
2025-08-13T03:35:42,2025-08-00049-VAL,950.00,VAL-B-NCR
2025-09-03T14:49:16,2025-09-00037-SMVAL,3125.00,SMVAL-B-NCR
2025-09-04T16:26:50,2025-09-00038-SMVAL,1650.00,SMVAL-B-NCR
2025-07-12T20:15:38,2025-07-00053-VAL,675.00,VAL-B-NCR
2025-09-18T16:12:30,2025-09-00044-SMGRA,1150.00,SMGRA-B-NCR
2025-07-23T08:31:44,2025-07-00054-VAL,125.00,VAL-B-NCR
2025-07-30T06:59:06,2025-07-00041-SMGRA,3425.00,SMGRA-B-NCR
2025-07-23T01:42:35,2025-07-00055-VAL,3700.00,VAL-B-NCR
2025-09-13T22:45:58,2025-09-00039-SMVAL,675.00,SMVAL-B-NCR
2025-07-01T12:08:44,2025-07-00042-SMGRA,275.00,SMGRA-B-NCR
2025-06-29T13:44:25,2025-06-00013-VAL,2250.00,VAL-B-NCR
2025-08-13T16:54:04,2025-08-00050-VAL,3275.00,VAL-B-NCR
2025-06-30T02:12:08,2025-06-00007-SMVAL,1725.00,SMVAL-B-NCR
2025-08-22T01:32:10,2025-08-00051-VAL,1950.00,VAL-B-NCR
2025-08-20T07:04:40,2025-08-00047-SMGRA,250.00,SMGRA-B-NCR
2025-07-17T12:22:20,2025-07-00043-SMGRA,275.00,SMGRA-B-NCR
2025-08-29T14:07:51,2025-08-00049-SMGRA,2050.00,SMGRA-B-NCR
2025-09-07T23:39:22,2025-09-00041-SMVAL,1050.00,SMVAL-B-NCR
2025-07-05T10:44:32,2025-07-00056-VAL,4025.00,VAL-B-NCR
2025-07-05T10:43:23,2025-07-00044-SMGRA,2075.00,SMGRA-B-NCR
2025-08-02T09:59:34,2025-08-00054-SMVAL,1125.00,SMVAL-B-NCR
2025-08-15T14:46:23,2025-08-00050-SMGRA,750.00,SMGRA-B-NCR
2025-07-24T18:46:50,2025-07-00045-SMGRA,1325.00,SMGRA-B-NCR
2025-07-12T21:01:35,2025-07-00056-SMVAL,1275.00,SMVAL-B-NCR
2025-07-18T07:14:43,2025-07-00057-SMVAL,1350.00,SMVAL-B-NCR
2025-07-15T04:01:55,2025-07-00058-SMVAL,1600.00,SMVAL-B-NCR
2025-07-26T19:08:45,2025-07-00058-VAL,1000.00,VAL-B-NCR
2025-07-08T18:21:52,2025-07-00059-VAL,2900.00,VAL-B-NCR
2025-09-18T16:54:09,2025-09-00049-VAL,3425.00,VAL-B-NCR
2025-09-04T22:49:14,2025-09-00042-SMVAL,1575.00,SMVAL-B-NCR
2025-08-05T22:58:09,2025-08-00051-SMGRA,3275.00,SMGRA-B-NCR
2025-07-25T15:36:04,2025-07-00059-SMVAL,250.00,SMVAL-B-NCR
2025-08-14T13:45:08,2025-08-00055-SMVAL,1650.00,SMVAL-B-NCR
2025-07-31T13:39:31,2025-07-00048-SMGRA,1475.00,SMGRA-B-NCR
2025-09-23T17:47:24,2025-09-00046-SMGRA,1900.00,SMGRA-B-NCR
2025-07-09T03:21:38,2025-07-00049-SMGRA,4550.00,SMGRA-B-NCR
2025-09-22T11:13:03,2025-09-00043-SMVAL,3250.00,SMVAL-B-NCR
2025-09-05T07:44:22,2025-09-00044-SMVAL,600.00,SMVAL-B-NCR
2025-07-12T19:27:43,2025-07-00050-SMGRA,450.00,SMGRA-B-NCR
2025-08-04T13:17:24,2025-08-00055-SMGRA,125.00,SMGRA-B-NCR
2025-07-13T10:48:25,2025-07-00062-SMVAL,575.00,SMVAL-B-NCR
2025-08-07T21:36:17,2025-08-00053-VAL,875.00,VAL-B-NCR
2025-06-26T04:22:08,2025-06-00008-SMVAL,1975.00,SMVAL-B-NCR
2025-09-01T06:43:53,2025-09-00053-VAL,1875.00,VAL-B-NCR
2025-08-18T23:57:46,2025-08-00056-SMVAL,1900.00,SMVAL-B-NCR
2025-07-22T04:53:10,2025-07-00053-SMGRA,450.00,SMGRA-B-NCR
2025-08-18T05:12:55,2025-08-00057-SMGRA,3725.00,SMGRA-B-NCR
2025-09-03T14:48:37,2025-09-00046-SMVAL,575.00,SMVAL-B-NCR
2025-07-10T06:23:53,2025-07-00054-SMGRA,1400.00,SMGRA-B-NCR
2025-07-24T11:06:41,2025-07-00055-SMGRA,350.00,SMGRA-B-NCR
2025-08-27T00:23:21,2025-08-00054-VAL,500.00,VAL-B-NCR
2025-08-31T08:11:40,2025-08-00057-SMVAL,3650.00,SMVAL-B-NCR
2025-07-22T00:04:52,2025-07-00056-SMGRA,375.00,SMGRA-B-NCR
2025-08-22T11:57:43,2025-08-00055-VAL,4100.00,VAL-B-NCR
2025-07-29T03:57:26,2025-07-00063-VAL,1050.00,VAL-B-NCR
2025-08-06T01:09:02,2025-08-00058-SMVAL,4100.00,SMVAL-B-NCR
2025-06-26T08:36:39,2025-06-00009-SMVAL,1800.00,SMVAL-B-NCR
2025-09-13T23:06:02,2025-09-00047-SMVAL,1125.00,SMVAL-B-NCR
2025-07-02T18:33:48,2025-07-00064-VAL,375.00,VAL-B-NCR
2025-06-30T00:01:10,2025-06-00010-SMVAL,625.00,SMVAL-B-NCR
2025-07-14T01:35:42,2025-07-00065-SMVAL,3675.00,SMVAL-B-NCR
2025-06-30T20:36:49,2025-06-00011-SMVAL,3300.00,SMVAL-B-NCR
2025-07-01T23:23:22,2025-07-00066-SMVAL,975.00,SMVAL-B-NCR
2025-07-12T14:52:02,2025-07-00057-SMGRA,1200.00,SMGRA-B-NCR
2025-07-17T14:21:08,2025-07-00058-SMGRA,1250.00,SMGRA-B-NCR
2025-06-26T23:27:53,2025-06-00012-SMVAL,1775.00,SMVAL-B-NCR
2025-09-02T09:44:16,2025-09-00047-SMGRA,775.00,SMGRA-B-NCR
2025-09-16T10:26:37,2025-09-00049-SMVAL,4175.00,SMVAL-B-NCR
2025-08-13T12:50:17,2025-08-00056-VAL,3075.00,VAL-B-NCR
2025-07-12T10:43:46,2025-07-00065-VAL,2650.00,VAL-B-NCR
2025-07-06T18:59:14,2025-07-00066-VAL,750.00,VAL-B-NCR
2025-09-21T17:03:18,2025-09-00055-VAL,1575.00,VAL-B-NCR
2025-08-09T10:16:55,2025-08-00058-VAL,950.00,VAL-B-NCR
2025-09-13T18:06:51,2025-09-00050-SMVAL,625.00,SMVAL-B-NCR
2025-08-01T05:52:44,2025-08-00061-SMVAL,3075.00,SMVAL-B-NCR
2025-08-10T18:39:31,2025-08-00061-SMGRA,2750.00,SMGRA-B-NCR
2025-08-15T02:39:25,2025-08-00062-SMVAL,3650.00,SMVAL-B-NCR
2025-07-30T16:33:02,2025-07-00069-SMVAL,1125.00,SMVAL-B-NCR
2025-09-18T11:31:26,2025-09-00051-SMVAL,225.00,SMVAL-B-NCR
2025-06-26T13:28:50,2025-06-00014-VAL,3375.00,VAL-B-NCR
2025-09-03T21:39:33,2025-09-00052-SMVAL,900.00,SMVAL-B-NCR
2025-08-20T18:19:36,2025-08-00062-SMGRA,2075.00,SMGRA-B-NCR
2025-07-17T14:40:37,2025-07-00070-VAL,3500.00,VAL-B-NCR
2025-08-19T00:25:12,2025-08-00064-SMGRA,2675.00,SMGRA-B-NCR
2025-07-19T19:29:38,2025-07-00070-SMVAL,2600.00,SMVAL-B-NCR
2025-07-13T10:17:02,2025-07-00071-VAL,725.00,VAL-B-NCR
2025-09-20T15:17:18,2025-09-00057-VAL,4700.00,VAL-B-NCR
2025-07-10T07:01:16,2025-07-00059-SMGRA,1400.00,SMGRA-B-NCR
2025-08-01T17:00:16,2025-08-00065-SMGRA,675.00,SMGRA-B-NCR
2025-07-03T16:21:44,2025-07-00071-SMVAL,1075.00,SMVAL-B-NCR
2025-07-13T11:26:55,2025-07-00072-SMVAL,2375.00,SMVAL-B-NCR
2025-09-15T15:21:19,2025-09-00049-SMGRA,525.00,SMGRA-B-NCR
2025-06-29T19:25:22,2025-06-00007-SMGRA,2475.00,SMGRA-B-NCR
2025-09-11T01:42:49,2025-09-00058-VAL,1475.00,VAL-B-NCR
2025-08-25T17:50:38,2025-08-00060-VAL,250.00,VAL-B-NCR
2025-07-29T01:02:26,2025-07-00074-VAL,625.00,VAL-B-NCR
2025-07-01T01:17:57,2025-07-00060-SMGRA,2000.00,SMGRA-B-NCR
2025-07-09T01:38:41,2025-07-00075-SMVAL,1150.00,SMVAL-B-NCR
2025-08-26T12:46:17,2025-08-00066-SMGRA,2850.00,SMGRA-B-NCR
2025-08-19T16:34:01,2025-08-00068-SMGRA,4175.00,SMGRA-B-NCR
2025-08-01T00:34:03,2025-08-00062-VAL,4125.00,VAL-B-NCR
2025-08-02T21:44:15,2025-08-00063-VAL,2025.00,VAL-B-NCR
2025-08-19T03:29:48,2025-08-00065-SMVAL,2000.00,SMVAL-B-NCR
2025-07-21T18:47:47,2025-07-00076-SMVAL,3100.00,SMVAL-B-NCR
2025-07-10T15:44:29,2025-07-00078-SMVAL,250.00,SMVAL-B-NCR
2025-07-07T21:26:10,2025-07-00076-VAL,2375.00,VAL-B-NCR
2025-08-13T18:40:45,2025-08-00067-SMVAL,1400.00,SMVAL-B-NCR
2025-09-17T06:34:02,2025-09-00051-SMGRA,2575.00,SMGRA-B-NCR
2025-07-08T16:21:58,2025-07-00077-VAL,1375.00,VAL-B-NCR
2025-06-29T05:07:03,2025-06-00014-SMVAL,2725.00,SMVAL-B-NCR
2025-09-01T20:56:53,2025-09-00056-SMVAL,2475.00,SMVAL-B-NCR
2025-06-30T03:47:19,2025-06-00015-SMVAL,2775.00,SMVAL-B-NCR
2025-07-11T15:38:44,2025-07-00063-SMGRA,675.00,SMGRA-B-NCR
2025-07-24T03:20:57,2025-07-00064-SMGRA,4300.00,SMGRA-B-NCR
2025-09-16T08:53:28,2025-09-00052-SMGRA,1125.00,SMGRA-B-NCR
2025-07-30T21:25:01,2025-07-00078-VAL,600.00,VAL-B-NCR
2025-08-07T09:33:30,2025-08-00069-SMGRA,2100.00,SMGRA-B-NCR
2025-08-12T17:00:54,2025-08-00070-SMGRA,1600.00,SMGRA-B-NCR
2025-07-30T13:10:08,2025-07-00079-VAL,4100.00,VAL-B-NCR
2025-09-03T08:17:58,2025-09-00057-SMVAL,1200.00,SMVAL-B-NCR
2025-07-14T21:31:33,2025-07-00081-SMVAL,2625.00,SMVAL-B-NCR
2025-07-04T08:10:36,2025-07-00066-SMGRA,2375.00,SMGRA-B-NCR
2025-07-28T10:26:42,2025-07-00080-VAL,5175.00,VAL-B-NCR
2025-09-03T17:06:25,2025-09-00053-SMGRA,1775.00,SMGRA-B-NCR
2025-06-25T21:36:38,2025-06-00009-SMGRA,925.00,SMGRA-B-NCR
2025-08-05T13:59:00,2025-08-00065-VAL,1850.00,VAL-B-NCR
2025-08-20T08:08:32,2025-08-00068-SMVAL,2625.00,SMVAL-B-NCR
2025-07-21T10:15:41,2025-07-00067-SMGRA,3050.00,SMGRA-B-NCR
2025-07-18T18:05:06,2025-07-00081-VAL,125.00,VAL-B-NCR
2025-07-17T01:24:47,2025-07-00082-VAL,625.00,VAL-B-NCR
2025-08-09T19:47:06,2025-08-00066-VAL,500.00,VAL-B-NCR
2025-07-17T16:55:13,2025-07-00083-VAL,3175.00,VAL-B-NCR
2025-09-19T11:33:50,2025-09-00062-VAL,1200.00,VAL-B-NCR
2025-07-21T22:45:57,2025-07-00082-SMVAL,3400.00,SMVAL-B-NCR
2025-09-21T09:00:15,2025-09-00059-SMVAL,3975.00,SMVAL-B-NCR
2025-09-08T14:14:25,2025-09-00060-SMVAL,1250.00,SMVAL-B-NCR
2025-08-01T15:38:19,2025-08-00069-SMVAL,2300.00,SMVAL-B-NCR
2025-07-24T16:16:40,2025-07-00084-VAL,3375.00,VAL-B-NCR
2025-09-16T08:34:58,2025-09-00063-VAL,1125.00,VAL-B-NCR
2025-08-18T18:01:44,2025-08-00070-SMVAL,2250.00,SMVAL-B-NCR
2025-08-01T19:03:03,2025-08-00074-SMGRA,1925.00,SMGRA-B-NCR
2025-08-18T21:16:47,2025-08-00075-SMGRA,2450.00,SMGRA-B-NCR
2025-08-30T21:23:00,2025-08-00076-SMGRA,1200.00,SMGRA-B-NCR
2025-07-16T17:18:40,2025-07-00083-SMVAL,1100.00,SMVAL-B-NCR
2025-08-19T23:44:31,2025-08-00067-VAL,1350.00,VAL-B-NCR
2025-07-27T09:58:56,2025-07-00069-SMGRA,1375.00,SMGRA-B-NCR
2025-07-02T02:21:53,2025-07-00084-SMVAL,2800.00,SMVAL-B-NCR
2025-07-05T08:58:59,2025-07-00085-VAL,3575.00,VAL-B-NCR
2025-07-20T06:26:54,2025-07-00086-VAL,2925.00,VAL-B-NCR
2025-08-07T18:20:29,2025-08-00078-SMGRA,1050.00,SMGRA-B-NCR
2025-09-08T01:13:56,2025-09-00065-VAL,2000.00,VAL-B-NCR
2025-09-11T16:37:07,2025-09-00055-SMGRA,2100.00,SMGRA-B-NCR
2025-08-03T05:09:01,2025-08-00068-VAL,1775.00,VAL-B-NCR
2025-07-17T15:26:23,2025-07-00071-SMGRA,5950.00,SMGRA-B-NCR
2025-08-18T12:17:11,2025-08-00079-SMGRA,2550.00,SMGRA-B-NCR
2025-07-07T04:35:22,2025-07-00072-SMGRA,1225.00,SMGRA-B-NCR
2025-08-29T02:52:03,2025-08-00070-VAL,2325.00,VAL-B-NCR
2025-08-19T10:00:16,2025-08-00080-SMGRA,2000.00,SMGRA-B-NCR
2025-07-11T10:00:14,2025-07-00088-VAL,1125.00,VAL-B-NCR
2025-08-07T11:38:16,2025-08-00071-VAL,550.00,VAL-B-NCR
2025-09-06T02:51:43,2025-09-00058-SMGRA,2025.00,SMGRA-B-NCR
2025-08-09T20:34:01,2025-08-00072-VAL,625.00,VAL-B-NCR
2025-09-10T04:29:46,2025-09-00061-SMVAL,1150.00,SMVAL-B-NCR
2025-09-07T23:46:43,2025-09-00067-VAL,3125.00,VAL-B-NCR
2025-07-06T13:28:55,2025-07-00086-SMVAL,1575.00,SMVAL-B-NCR
2025-09-06T16:47:27,2025-09-00068-VAL,3450.00,VAL-B-NCR
2025-07-26T09:27:58,2025-07-00089-VAL,1775.00,VAL-B-NCR
2025-08-10T10:36:10,2025-08-00073-VAL,500.00,VAL-B-NCR
2025-09-10T10:38:36,2025-09-00069-VAL,250.00,VAL-B-NCR
2025-09-12T06:12:15,2025-09-00070-VAL,2550.00,VAL-B-NCR
2025-08-31T08:18:53,2025-08-00081-SMGRA,1350.00,SMGRA-B-NCR
2025-07-02T16:15:41,2025-07-00074-SMGRA,1725.00,SMGRA-B-NCR
2025-07-03T04:49:33,2025-07-00075-SMGRA,1325.00,SMGRA-B-NCR
2025-07-20T03:38:10,2025-07-00076-SMGRA,2175.00,SMGRA-B-NCR
2025-07-29T17:56:06,2025-07-00077-SMGRA,1000.00,SMGRA-B-NCR
2025-09-16T21:40:17,2025-09-00071-VAL,3125.00,VAL-B-NCR
2025-09-22T11:25:51,2025-09-00072-VAL,750.00,VAL-B-NCR
2025-08-05T19:37:02,2025-08-00077-VAL,4225.00,VAL-B-NCR
2025-08-31T15:44:35,2025-08-00075-SMVAL,150.00,SMVAL-B-NCR
2025-08-04T08:22:40,2025-08-00082-SMGRA,250.00,SMGRA-B-NCR
2025-07-06T18:27:21,2025-07-00091-VAL,325.00,VAL-B-NCR
2025-08-10T11:17:09,2025-08-00076-SMVAL,2425.00,SMVAL-B-NCR
2025-08-24T01:25:10,2025-08-00077-SMVAL,3150.00,SMVAL-B-NCR
2025-08-15T22:46:00,2025-08-00079-VAL,600.00,VAL-B-NCR
2025-09-09T19:07:19,2025-09-00063-SMVAL,2900.00,SMVAL-B-NCR
2025-08-24T17:05:36,2025-08-00080-VAL,3075.00,VAL-B-NCR
2025-07-23T09:07:35,2025-07-00088-SMVAL,2275.00,SMVAL-B-NCR
2025-09-13T21:00:54,2025-09-00073-VAL,2625.00,VAL-B-NCR
2025-09-03T16:36:50,2025-09-00060-SMGRA,1750.00,SMGRA-B-NCR
2025-07-10T18:57:18,2025-07-00092-VAL,3725.00,VAL-B-NCR
2025-07-30T09:09:46,2025-07-00082-SMGRA,1225.00,SMGRA-B-NCR
2025-07-18T13:56:00,2025-07-00090-SMVAL,1050.00,SMVAL-B-NCR
2025-09-04T19:35:50,2025-09-00065-SMVAL,3975.00,SMVAL-B-NCR
2025-07-26T08:13:20,2025-07-00093-VAL,875.00,VAL-B-NCR
2025-07-16T00:48:18,2025-07-00084-SMGRA,550.00,SMGRA-B-NCR
2025-06-25T22:11:40,2025-06-00016-SMVAL,1500.00,SMVAL-B-NCR
2025-07-18T01:04:24,2025-07-00086-SMGRA,1950.00,SMGRA-B-NCR
2025-08-15T07:18:13,2025-08-00081-SMVAL,3775.00,SMVAL-B-NCR
2025-07-03T06:16:35,2025-07-00091-SMVAL,225.00,SMVAL-B-NCR
2025-07-17T18:28:16,2025-07-00092-SMVAL,2500.00,SMVAL-B-NCR
2025-08-07T16:33:14,2025-08-00085-SMGRA,825.00,SMGRA-B-NCR
2025-08-19T13:43:42,2025-08-00082-SMVAL,1375.00,SMVAL-B-NCR
2025-09-20T20:46:21,2025-09-00063-SMGRA,1925.00,SMGRA-B-NCR
2025-09-17T08:07:05,2025-09-00066-SMVAL,275.00,SMVAL-B-NCR
2025-09-20T14:29:53,2025-09-00076-VAL,3675.00,VAL-B-NCR
2025-07-14T12:25:41,2025-07-00094-VAL,1925.00,VAL-B-NCR
2025-09-17T15:58:43,2025-09-00067-SMVAL,1125.00,SMVAL-B-NCR
2025-09-12T15:00:17,2025-09-00069-SMVAL,2750.00,SMVAL-B-NCR
2025-07-01T12:04:11,2025-07-00093-SMVAL,3100.00,SMVAL-B-NCR
2025-07-14T05:56:38,2025-07-00096-VAL,2450.00,VAL-B-NCR
2025-06-27T21:20:31,2025-06-00011-SMGRA,2975.00,SMGRA-B-NCR
2025-08-24T13:50:09,2025-08-00084-VAL,1125.00,VAL-B-NCR
2025-09-12T02:33:45,2025-09-00070-SMVAL,1375.00,SMVAL-B-NCR
2025-08-19T08:29:09,2025-08-00087-SMVAL,2125.00,SMVAL-B-NCR
2025-08-18T09:08:12,2025-08-00085-VAL,2600.00,VAL-B-NCR
2025-09-20T22:02:44,2025-09-00066-SMGRA,2925.00,SMGRA-B-NCR
2025-07-12T11:31:53,2025-07-00098-VAL,5275.00,VAL-B-NCR
2025-08-02T20:00:01,2025-08-00087-VAL,2475.00,VAL-B-NCR
2025-07-22T15:09:31,2025-07-00099-VAL,4400.00,VAL-B-NCR
2025-09-04T05:19:12,2025-09-00077-VAL,875.00,VAL-B-NCR
2025-09-22T00:23:50,2025-09-00078-VAL,3275.00,VAL-B-NCR
2025-09-10T16:30:19,2025-09-00079-VAL,900.00,VAL-B-NCR
2025-07-03T05:05:38,2025-07-00096-SMVAL,2175.00,SMVAL-B-NCR
2025-07-28T08:16:45,2025-07-00097-SMVAL,2025.00,SMVAL-B-NCR
2025-07-03T01:27:39,2025-07-00098-SMVAL,975.00,SMVAL-B-NCR
2025-07-22T05:32:36,2025-07-00088-SMGRA,2150.00,SMGRA-B-NCR
2025-07-22T21:35:59,2025-07-00100-VAL,1400.00,VAL-B-NCR
2025-07-16T17:54:05,2025-07-00101-VAL,1875.00,VAL-B-NCR
2025-07-01T13:24:01,2025-07-00099-SMVAL,3200.00,SMVAL-B-NCR
2025-08-10T03:13:08,2025-08-00086-SMGRA,1575.00,SMGRA-B-NCR
2025-08-05T13:35:32,2025-08-00088-SMGRA,1325.00,SMGRA-B-NCR
2025-08-09T14:40:22,2025-08-00091-SMVAL,1675.00,SMVAL-B-NCR
2025-09-22T17:14:35,2025-09-00081-VAL,900.00,VAL-B-NCR
2025-07-06T17:17:22,2025-07-00102-VAL,1800.00,VAL-B-NCR
2025-09-07T04:17:03,2025-09-00067-SMGRA,725.00,SMGRA-B-NCR
2025-06-25T14:06:04,2025-06-00013-SMGRA,975.00,SMGRA-B-NCR
2025-08-20T04:13:36,2025-08-00092-SMVAL,2050.00,SMVAL-B-NCR
2025-07-03T03:10:35,2025-07-00103-VAL,2350.00,VAL-B-NCR
2025-09-17T06:45:15,2025-09-00068-SMGRA,2700.00,SMGRA-B-NCR
2025-07-17T14:07:17,2025-07-00090-SMGRA,4250.00,SMGRA-B-NCR
2025-09-13T13:10:11,2025-09-00072-SMVAL,2175.00,SMVAL-B-NCR
2025-08-19T14:05:09,2025-08-00092-VAL,325.00,VAL-B-NCR
2025-07-07T15:24:38,2025-07-00100-SMVAL,2850.00,SMVAL-B-NCR
2025-09-02T22:26:19,2025-09-00075-SMVAL,500.00,SMVAL-B-NCR
2025-07-25T16:43:48,2025-07-00092-SMGRA,650.00,SMGRA-B-NCR
2025-08-19T19:04:33,2025-08-00093-VAL,2250.00,VAL-B-NCR
2025-08-01T08:24:23,2025-08-00094-VAL,125.00,VAL-B-NCR
2025-07-01T08:19:20,2025-07-00102-SMVAL,1500.00,SMVAL-B-NCR
2025-07-18T08:20:27,2025-07-00105-VAL,1625.00,VAL-B-NCR
2025-09-01T04:31:10,2025-09-00083-VAL,4225.00,VAL-B-NCR
2025-08-31T16:59:20,2025-08-00091-SMGRA,1950.00,SMGRA-B-NCR
2025-09-08T05:05:29,2025-09-00070-SMGRA,2200.00,SMGRA-B-NCR
2025-08-25T02:28:00,2025-08-00096-VAL,4650.00,VAL-B-NCR
2025-07-26T08:14:08,2025-07-00105-SMVAL,875.00,SMVAL-B-NCR
2025-08-15T15:44:05,2025-08-00094-SMVAL,2450.00,SMVAL-B-NCR
2025-07-26T22:13:48,2025-07-00107-SMVAL,2000.00,SMVAL-B-NCR
2025-08-29T11:09:20,2025-08-00098-VAL,875.00,VAL-B-NCR
2025-07-10T05:22:36,2025-07-00108-SMVAL,1850.00,SMVAL-B-NCR
2025-07-27T14:11:00,2025-07-00109-SMVAL,1350.00,SMVAL-B-NCR
2025-09-11T13:34:52,2025-09-00085-VAL,5875.00,VAL-B-NCR
2025-08-17T16:52:37,2025-08-00095-SMGRA,2175.00,SMGRA-B-NCR
2025-09-01T20:06:38,2025-09-00086-VAL,750.00,VAL-B-NCR
2025-07-14T04:25:17,2025-07-00111-SMVAL,250.00,SMVAL-B-NCR
2025-07-13T12:27:19,2025-07-00112-SMVAL,375.00,SMVAL-B-NCR
2025-08-03T19:33:16,2025-08-00100-VAL,1725.00,VAL-B-NCR
2025-08-31T13:14:42,2025-08-00095-SMVAL,3700.00,SMVAL-B-NCR
2025-09-17T12:08:01,2025-09-00087-VAL,1150.00,VAL-B-NCR
2025-08-06T06:07:49,2025-08-00096-SMVAL,2425.00,SMVAL-B-NCR
2025-07-22T22:19:40,2025-07-00096-SMGRA,1000.00,SMGRA-B-NCR
2025-07-08T12:25:42,2025-07-00113-SMVAL,2350.00,SMVAL-B-NCR
2025-08-26T09:58:20,2025-08-00101-VAL,825.00,VAL-B-NCR
2025-09-03T18:33:27,2025-09-00073-SMGRA,1125.00,SMGRA-B-NCR
2025-08-12T17:10:46,2025-08-00096-SMGRA,2550.00,SMGRA-B-NCR
2025-08-16T01:35:51,2025-08-00098-SMVAL,4075.00,SMVAL-B-NCR
2025-07-10T03:24:16,2025-07-00107-VAL,1375.00,VAL-B-NCR
2025-06-30T06:31:53,2025-06-00017-SMVAL,850.00,SMVAL-B-NCR
2025-09-20T15:43:19,2025-09-00079-SMVAL,1875.00,SMVAL-B-NCR
2025-07-08T15:49:26,2025-07-00114-SMVAL,4750.00,SMVAL-B-NCR
2025-09-21T04:36:57,2025-09-00080-SMVAL,750.00,SMVAL-B-NCR
2025-07-11T08:45:20,2025-07-00115-SMVAL,1350.00,SMVAL-B-NCR
2025-07-17T01:36:09,2025-07-00108-VAL,125.00,VAL-B-NCR
2025-08-05T16:46:50,2025-08-00099-SMVAL,1675.00,SMVAL-B-NCR
2025-07-03T02:12:37,2025-07-00109-VAL,625.00,VAL-B-NCR
2025-09-15T06:27:38,2025-09-00074-SMGRA,1250.00,SMGRA-B-NCR
2025-07-03T05:09:06,2025-07-00099-SMGRA,3625.00,SMGRA-B-NCR
2025-08-13T10:37:03,2025-08-00098-SMGRA,1325.00,SMGRA-B-NCR
2025-08-14T08:04:42,2025-08-00101-SMVAL,1750.00,SMVAL-B-NCR
2025-08-23T18:13:45,2025-08-00104-VAL,800.00,VAL-B-NCR
2025-08-24T23:11:11,2025-08-00099-SMGRA,3850.00,SMGRA-B-NCR
2025-08-14T19:17:33,2025-08-00105-VAL,2325.00,VAL-B-NCR
2025-08-01T04:44:06,2025-08-00100-SMGRA,1050.00,SMGRA-B-NCR
2025-08-08T14:50:08,2025-08-00103-SMGRA,1650.00,SMGRA-B-NCR
2025-09-13T02:39:02,2025-09-00082-SMVAL,3250.00,SMVAL-B-NCR
2025-08-29T09:53:58,2025-08-00104-SMGRA,2300.00,SMGRA-B-NCR
2025-08-14T14:10:24,2025-08-00102-SMVAL,750.00,SMVAL-B-NCR
2025-09-22T21:54:38,2025-09-00084-SMVAL,2250.00,SMVAL-B-NCR
2025-08-08T14:36:40,2025-08-00103-SMVAL,2175.00,SMVAL-B-NCR
2025-08-19T10:01:36,2025-08-00108-VAL,125.00,VAL-B-NCR
2025-08-23T18:11:31,2025-08-00105-SMGRA,1475.00,SMGRA-B-NCR
2025-08-26T22:04:54,2025-08-00109-VAL,750.00,VAL-B-NCR
2025-06-28T12:19:24,2025-06-00020-SMVAL,4125.00,SMVAL-B-NCR
2025-07-16T06:34:11,2025-07-00117-SMVAL,3450.00,SMVAL-B-NCR
2025-09-09T01:26:08,2025-09-00077-SMGRA,1125.00,SMGRA-B-NCR
2025-09-02T18:28:43,2025-09-00091-VAL,275.00,VAL-B-NCR
2025-08-13T06:06:18,2025-08-00107-SMGRA,4300.00,SMGRA-B-NCR
2025-08-26T10:27:37,2025-08-00111-VAL,3625.00,VAL-B-NCR
2025-07-25T09:47:55,2025-07-00118-SMVAL,1350.00,SMVAL-B-NCR
2025-07-11T17:24:14,2025-07-00120-SMVAL,1875.00,SMVAL-B-NCR
2025-08-06T20:17:40,2025-08-00112-VAL,2750.00,VAL-B-NCR
2025-09-08T15:21:47,2025-09-00094-VAL,700.00,VAL-B-NCR
2025-06-30T01:33:39,2025-06-00021-SMVAL,1475.00,SMVAL-B-NCR
2025-08-25T01:13:48,2025-08-00108-SMGRA,3775.00,SMGRA-B-NCR
2025-08-01T23:24:58,2025-08-00113-VAL,750.00,VAL-B-NCR
2025-07-22T06:17:38,2025-07-00101-SMGRA,2475.00,SMGRA-B-NCR
2025-06-28T19:23:17,2025-06-00022-SMVAL,2700.00,SMVAL-B-NCR
2025-08-24T06:23:29,2025-08-00106-SMVAL,625.00,SMVAL-B-NCR
2025-09-06T20:38:21,2025-09-00078-SMGRA,450.00,SMGRA-B-NCR
2025-07-26T00:42:43,2025-07-00103-SMGRA,5625.00,SMGRA-B-NCR
2025-07-26T21:41:45,2025-07-00112-VAL,2375.00,VAL-B-NCR
2025-07-15T04:17:56,2025-07-00105-SMGRA,1025.00,SMGRA-B-NCR
2025-07-10T22:28:58,2025-07-00106-SMGRA,2225.00,SMGRA-B-NCR
2025-09-16T10:58:33,2025-09-00079-SMGRA,350.00,SMGRA-B-NCR
2025-09-16T03:53:49,2025-09-00096-VAL,1675.00,VAL-B-NCR
2025-07-03T13:30:13,2025-07-00113-VAL,2050.00,VAL-B-NCR
2025-07-31T13:08:52,2025-07-00109-SMGRA,625.00,SMGRA-B-NCR
2025-08-14T15:54:13,2025-08-00109-SMVAL,3750.00,SMVAL-B-NCR
2025-07-23T23:35:38,2025-07-00122-SMVAL,2800.00,SMVAL-B-NCR
2025-08-05T15:54:24,2025-08-00110-SMVAL,1250.00,SMVAL-B-NCR
2025-09-02T06:14:42,2025-09-00086-SMVAL,975.00,SMVAL-B-NCR
2025-08-20T00:25:11,2025-08-00112-SMGRA,1500.00,SMGRA-B-NCR
2025-09-17T23:20:40,2025-09-00097-VAL,2350.00,VAL-B-NCR
2025-07-14T20:25:09,2025-07-00115-VAL,1125.00,VAL-B-NCR
2025-08-28T20:53:38,2025-08-00111-SMVAL,5225.00,SMVAL-B-NCR
2025-08-16T00:00:55,2025-08-00115-VAL,1125.00,VAL-B-NCR
2025-08-25T02:22:43,2025-08-00114-SMGRA,1875.00,SMGRA-B-NCR
2025-07-23T11:53:08,2025-07-00110-SMGRA,2875.00,SMGRA-B-NCR
2025-09-17T01:47:41,2025-09-00088-SMVAL,1525.00,SMVAL-B-NCR
2025-09-09T19:34:52,2025-09-00080-SMGRA,500.00,SMGRA-B-NCR
2025-07-30T20:16:14,2025-07-00111-SMGRA,1925.00,SMGRA-B-NCR
2025-08-04T08:02:11,2025-08-00114-SMVAL,4000.00,SMVAL-B-NCR
2025-09-21T15:29:30,2025-09-00089-SMVAL,1350.00,SMVAL-B-NCR
2025-07-03T14:12:16,2025-07-00124-SMVAL,2325.00,SMVAL-B-NCR
2025-06-26T09:56:48,2025-06-00015-VAL,725.00,VAL-B-NCR
2025-07-24T15:39:31,2025-07-00117-VAL,2700.00,VAL-B-NCR
2025-08-06T23:07:55,2025-08-00115-SMVAL,1200.00,SMVAL-B-NCR
2025-08-10T02:24:05,2025-08-00117-VAL,1000.00,VAL-B-NCR
2025-09-01T14:03:13,2025-09-00081-SMGRA,5125.00,SMGRA-B-NCR
2025-07-06T21:46:49,2025-07-00112-SMGRA,625.00,SMGRA-B-NCR
2025-07-18T08:22:29,2025-07-00125-SMVAL,1650.00,SMVAL-B-NCR
2025-08-04T23:39:40,2025-08-00117-SMVAL,2550.00,SMVAL-B-NCR
2025-08-21T19:43:15,2025-08-00118-VAL,1025.00,VAL-B-NCR
2025-07-13T13:45:34,2025-07-00113-SMGRA,4425.00,SMGRA-B-NCR
2025-09-08T15:36:37,2025-09-00091-SMVAL,1375.00,SMVAL-B-NCR
2025-06-25T20:48:45,2025-06-00018-VAL,675.00,VAL-B-NCR
2025-09-23T03:17:04,2025-09-00082-SMGRA,700.00,SMGRA-B-NCR
2025-07-13T21:57:37,2025-07-00119-VAL,375.00,VAL-B-NCR
2025-08-01T13:34:29,2025-08-00119-VAL,750.00,VAL-B-NCR
2025-06-25T20:55:03,2025-06-00023-SMVAL,900.00,SMVAL-B-NCR
2025-07-12T10:08:16,2025-07-00120-VAL,4575.00,VAL-B-NCR
2025-08-13T19:44:33,2025-08-00120-VAL,375.00,VAL-B-NCR
2025-09-22T23:47:54,2025-09-00092-SMVAL,5875.00,SMVAL-B-NCR
2025-09-01T03:00:32,2025-09-00093-SMVAL,3275.00,SMVAL-B-NCR
2025-07-01T12:02:44,2025-07-00121-VAL,675.00,VAL-B-NCR
2025-08-01T16:12:31,2025-08-00118-SMGRA,750.00,SMGRA-B-NCR
2025-07-05T06:26:56,2025-07-00128-SMVAL,3075.00,SMVAL-B-NCR
2025-08-20T10:17:10,2025-08-00118-SMVAL,1575.00,SMVAL-B-NCR
2025-08-07T22:24:18,2025-08-00119-SMGRA,1675.00,SMGRA-B-NCR
2025-07-19T20:45:47,2025-07-00122-VAL,2325.00,VAL-B-NCR
2025-06-26T02:39:12,2025-06-00019-VAL,1675.00,VAL-B-NCR
2025-09-06T05:26:28,2025-09-00095-SMVAL,1750.00,SMVAL-B-NCR
2025-07-27T08:50:47,2025-07-00129-SMVAL,550.00,SMVAL-B-NCR
2025-08-22T12:09:48,2025-08-00120-SMGRA,825.00,SMGRA-B-NCR
2025-09-18T06:31:25,2025-09-00096-SMVAL,1125.00,SMVAL-B-NCR
2025-06-28T21:41:37,2025-06-00025-SMVAL,1600.00,SMVAL-B-NCR
2025-08-09T19:05:38,2025-08-00119-SMVAL,3825.00,SMVAL-B-NCR
2025-08-29T10:03:10,2025-08-00122-VAL,2800.00,VAL-B-NCR
2025-08-01T19:32:20,2025-08-00120-SMVAL,575.00,SMVAL-B-NCR
2025-09-16T07:41:51,2025-09-00083-SMGRA,1400.00,SMGRA-B-NCR
2025-07-08T08:52:22,2025-07-00123-VAL,2875.00,VAL-B-NCR
2025-07-27T14:24:47,2025-07-00130-SMVAL,1400.00,SMVAL-B-NCR
2025-07-15T21:11:29,2025-07-00114-SMGRA,3225.00,SMGRA-B-NCR
2025-07-20T04:18:54,2025-07-00124-VAL,1125.00,VAL-B-NCR
2025-07-24T14:20:42,2025-07-00131-SMVAL,1100.00,SMVAL-B-NCR
2025-08-03T22:00:53,2025-08-00121-SMVAL,1825.00,SMVAL-B-NCR
2025-08-10T02:05:50,2025-08-00123-VAL,125.00,VAL-B-NCR
2025-09-18T19:15:37,2025-09-00099-VAL,2450.00,VAL-B-NCR
2025-07-29T14:18:34,2025-07-00125-VAL,1075.00,VAL-B-NCR
2025-08-06T22:30:45,2025-08-00124-VAL,1725.00,VAL-B-NCR
2025-08-09T06:04:50,2025-08-00122-SMVAL,1500.00,SMVAL-B-NCR
2025-09-17T10:10:16,2025-09-00085-SMGRA,1775.00,SMGRA-B-NCR
2025-09-15T00:55:18,2025-09-00086-SMGRA,4275.00,SMGRA-B-NCR
2025-08-23T07:05:41,2025-08-00123-SMVAL,2350.00,SMVAL-B-NCR
2025-09-17T07:45:45,2025-09-00098-SMVAL,1900.00,SMVAL-B-NCR
2025-08-29T00:36:53,2025-08-00122-SMGRA,3450.00,SMGRA-B-NCR
2025-08-11T23:53:14,2025-08-00126-SMVAL,550.00,SMVAL-B-NCR
2025-09-17T02:36:42,2025-09-00099-SMVAL,1625.00,SMVAL-B-NCR
2025-08-10T14:03:29,2025-08-00127-SMVAL,2150.00,SMVAL-B-NCR
2025-09-05T03:19:30,2025-09-00088-SMGRA,2050.00,SMGRA-B-NCR
2025-06-26T02:35:21,2025-06-00015-SMGRA,2125.00,SMGRA-B-NCR
2025-09-14T07:34:23,2025-09-00089-SMGRA,1925.00,SMGRA-B-NCR
2025-07-15T04:24:26,2025-07-00116-SMGRA,950.00,SMGRA-B-NCR
2025-06-27T14:48:27,2025-06-00027-SMVAL,2000.00,SMVAL-B-NCR
2025-06-26T06:31:34,2025-06-00020-VAL,2975.00,VAL-B-NCR
2025-07-28T10:38:13,2025-07-00117-SMGRA,625.00,SMGRA-B-NCR
2025-09-10T08:49:39,2025-09-00090-SMGRA,1275.00,SMGRA-B-NCR
2025-08-06T18:13:22,2025-08-00125-VAL,2675.00,VAL-B-NCR
2025-06-30T17:26:14,2025-06-00021-VAL,1925.00,VAL-B-NCR
2025-08-14T12:58:12,2025-08-00123-SMGRA,3525.00,SMGRA-B-NCR
2025-08-13T08:03:24,2025-08-00128-SMVAL,925.00,SMVAL-B-NCR
2025-07-20T04:51:35,2025-07-00121-SMGRA,1675.00,SMGRA-B-NCR
2025-08-23T16:03:19,2025-08-00129-SMVAL,600.00,SMVAL-B-NCR
2025-08-25T22:11:50,2025-08-00124-SMGRA,650.00,SMGRA-B-NCR
2025-07-17T08:24:15,2025-07-00122-SMGRA,3550.00,SMGRA-B-NCR
2025-09-15T23:09:29,2025-09-00091-SMGRA,5150.00,SMGRA-B-NCR
2025-07-01T04:20:27,2025-07-00124-SMGRA,2925.00,SMGRA-B-NCR
2025-08-01T10:43:11,2025-08-00126-VAL,2000.00,VAL-B-NCR
2025-09-20T13:44:42,2025-09-00093-SMGRA,1375.00,SMGRA-B-NCR
2025-07-17T02:46:36,2025-07-00129-VAL,2975.00,VAL-B-NCR
2025-09-01T02:07:46,2025-09-00102-VAL,325.00,VAL-B-NCR
2025-08-24T22:23:28,2025-08-00128-VAL,2025.00,VAL-B-NCR
2025-07-20T05:52:21,2025-07-00126-SMGRA,1650.00,SMGRA-B-NCR
2025-08-28T12:14:29,2025-08-00125-SMGRA,1650.00,SMGRA-B-NCR
2025-07-23T22:09:53,2025-07-00137-SMVAL,3925.00,SMVAL-B-NCR
2025-07-07T05:02:15,2025-07-00130-VAL,2475.00,VAL-B-NCR
2025-09-12T15:00:02,2025-09-00104-VAL,600.00,VAL-B-NCR
2025-09-20T18:07:57,2025-09-00105-VAL,2425.00,VAL-B-NCR
2025-08-01T21:16:22,2025-08-00126-SMGRA,5625.00,SMGRA-B-NCR
2025-09-03T21:54:42,2025-09-00101-SMVAL,375.00,SMVAL-B-NCR
2025-09-18T01:29:53,2025-09-00106-VAL,1950.00,VAL-B-NCR
2025-08-08T14:12:47,2025-08-00127-SMGRA,1625.00,SMGRA-B-NCR
2025-08-25T00:42:36,2025-08-00128-SMGRA,325.00,SMGRA-B-NCR
2025-06-29T13:45:22,2025-06-00028-SMVAL,2850.00,SMVAL-B-NCR
2025-09-10T00:17:17,2025-09-00107-VAL,1900.00,VAL-B-NCR
2025-08-05T06:13:29,2025-08-00133-SMVAL,450.00,SMVAL-B-NCR
2025-08-11T22:23:22,2025-08-00134-SMVAL,1725.00,SMVAL-B-NCR
2025-08-10T23:15:06,2025-08-00135-SMVAL,2475.00,SMVAL-B-NCR
2025-08-24T18:25:26,2025-08-00129-SMGRA,5300.00,SMGRA-B-NCR
2025-08-05T08:14:38,2025-08-00129-VAL,4075.00,VAL-B-NCR
2025-06-26T11:56:53,2025-06-00016-SMGRA,3125.00,SMGRA-B-NCR
2025-08-28T12:26:29,2025-08-00130-VAL,625.00,VAL-B-NCR
2025-06-26T00:49:30,2025-06-00017-SMGRA,3050.00,SMGRA-B-NCR
2025-09-13T23:55:13,2025-09-00109-VAL,4825.00,VAL-B-NCR
2025-09-06T17:16:08,2025-09-00110-VAL,900.00,VAL-B-NCR
2025-08-06T19:49:35,2025-08-00132-VAL,2775.00,VAL-B-NCR
2025-08-12T10:33:54,2025-08-00136-SMVAL,6450.00,SMVAL-B-NCR
2025-07-27T09:20:10,2025-07-00141-SMVAL,825.00,SMVAL-B-NCR
2025-06-29T07:23:40,2025-06-00023-VAL,2625.00,VAL-B-NCR
2025-09-05T07:49:52,2025-09-00104-SMVAL,4025.00,SMVAL-B-NCR
2025-09-06T14:48:49,2025-09-00105-SMVAL,250.00,SMVAL-B-NCR
2025-08-17T03:37:45,2025-08-00138-SMVAL,800.00,SMVAL-B-NCR
2025-09-21T23:46:03,2025-09-00106-SMVAL,1025.00,SMVAL-B-NCR
2025-08-07T16:55:28,2025-08-00133-VAL,1550.00,VAL-B-NCR
2025-07-30T14:50:13,2025-07-00143-SMVAL,375.00,SMVAL-B-NCR
2025-08-16T01:57:30,2025-08-00140-SMVAL,2950.00,SMVAL-B-NCR
2025-09-08T09:49:33,2025-09-00107-SMVAL,5875.00,SMVAL-B-NCR
2025-08-31T09:48:09,2025-08-00134-VAL,4475.00,VAL-B-NCR
2025-09-10T22:46:02,2025-09-00108-SMVAL,1125.00,SMVAL-B-NCR
2025-07-22T00:04:19,2025-07-00145-SMVAL,4625.00,SMVAL-B-NCR
2025-06-25T00:50:33,2025-06-00018-SMGRA,1150.00,SMGRA-B-NCR
2025-09-07T19:22:01,2025-09-00096-SMGRA,2750.00,SMGRA-B-NCR
2025-07-05T11:35:25,2025-07-00146-SMVAL,1275.00,SMVAL-B-NCR
2025-06-27T05:04:15,2025-06-00019-SMGRA,1150.00,SMGRA-B-NCR
2025-07-17T22:59:38,2025-07-00133-VAL,1525.00,VAL-B-NCR
2025-06-28T01:57:29,2025-06-00030-SMVAL,1550.00,SMVAL-B-NCR
2025-08-05T08:10:11,2025-08-00132-SMGRA,2075.00,SMGRA-B-NCR
2025-09-12T03:12:29,2025-09-00111-VAL,625.00,VAL-B-NCR
2025-07-04T22:37:28,2025-07-00135-VAL,2475.00,VAL-B-NCR
2025-07-25T11:24:12,2025-07-00136-VAL,1800.00,VAL-B-NCR
2025-08-15T10:03:49,2025-08-00135-VAL,1100.00,VAL-B-NCR
2025-09-19T21:21:47,2025-09-00112-VAL,1875.00,VAL-B-NCR
2025-07-28T00:39:56,2025-07-00137-VAL,575.00,VAL-B-NCR
2025-07-18T08:59:52,2025-07-00147-SMVAL,1500.00,SMVAL-B-NCR
2025-07-02T07:22:39,2025-07-00148-SMVAL,2725.00,SMVAL-B-NCR
2025-07-11T07:23:01,2025-07-00128-SMGRA,1375.00,SMGRA-B-NCR
2025-07-10T14:13:30,2025-07-00129-SMGRA,1850.00,SMGRA-B-NCR
2025-09-06T13:16:38,2025-09-00098-SMGRA,2625.00,SMGRA-B-NCR
2025-07-20T13:15:07,2025-07-00150-SMVAL,3125.00,SMVAL-B-NCR
2025-07-08T15:28:36,2025-07-00130-SMGRA,450.00,SMGRA-B-NCR
2025-08-27T15:18:50,2025-08-00136-VAL,150.00,VAL-B-NCR
2025-07-09T04:58:52,2025-07-00131-SMGRA,1350.00,SMGRA-B-NCR
2025-08-12T23:16:59,2025-08-00144-SMVAL,1375.00,SMVAL-B-NCR
2025-08-20T03:42:16,2025-08-00145-SMVAL,1775.00,SMVAL-B-NCR
2025-06-27T06:45:41,2025-06-00027-VAL,1550.00,VAL-B-NCR
2025-08-31T14:39:59,2025-08-00146-SMVAL,125.00,SMVAL-B-NCR
2025-08-28T17:18:03,2025-08-00135-SMGRA,3200.00,SMGRA-B-NCR
2025-07-05T11:55:09,2025-07-00132-SMGRA,1575.00,SMGRA-B-NCR
2025-08-26T15:30:27,2025-08-00136-SMGRA,975.00,SMGRA-B-NCR
2025-07-29T06:42:47,2025-07-00134-SMGRA,650.00,SMGRA-B-NCR
2025-06-30T12:28:03,2025-06-00020-SMGRA,1975.00,SMGRA-B-NCR
2025-08-20T05:49:19,2025-08-00137-SMGRA,825.00,SMGRA-B-NCR
2025-09-02T15:49:56,2025-09-00115-VAL,2525.00,VAL-B-NCR
2025-06-30T06:02:25,2025-06-00031-SMVAL,875.00,SMVAL-B-NCR
2025-07-19T09:00:09,2025-07-00152-SMVAL,650.00,SMVAL-B-NCR
2025-09-12T08:14:14,2025-09-00116-VAL,1000.00,VAL-B-NCR
2025-09-09T22:23:01,2025-09-00109-SMVAL,2200.00,SMVAL-B-NCR
2025-07-30T17:14:16,2025-07-00138-VAL,2675.00,VAL-B-NCR
2025-07-25T01:47:50,2025-07-00135-SMGRA,2275.00,SMGRA-B-NCR
2025-07-21T08:32:13,2025-07-00153-SMVAL,2025.00,SMVAL-B-NCR
2025-08-28T13:04:51,2025-08-00138-SMGRA,1800.00,SMGRA-B-NCR
2025-09-14T11:36:36,2025-09-00101-SMGRA,1775.00,SMGRA-B-NCR
2025-09-08T09:10:23,2025-09-00110-SMVAL,375.00,SMVAL-B-NCR
2025-09-07T13:09:17,2025-09-00119-VAL,650.00,VAL-B-NCR
2025-09-12T06:28:03,2025-09-00111-SMVAL,650.00,SMVAL-B-NCR
2025-08-15T10:13:49,2025-08-00138-VAL,2075.00,VAL-B-NCR
2025-08-18T03:16:53,2025-08-00139-VAL,1550.00,VAL-B-NCR
2025-09-22T06:39:13,2025-09-00112-SMVAL,2625.00,SMVAL-B-NCR
2025-09-07T08:01:24,2025-09-00120-VAL,1000.00,VAL-B-NCR
2025-09-02T16:26:02,2025-09-00102-SMGRA,800.00,SMGRA-B-NCR
2025-08-01T08:35:57,2025-08-00141-VAL,650.00,VAL-B-NCR
2025-07-30T02:57:33,2025-07-00136-SMGRA,2625.00,SMGRA-B-NCR
2025-08-17T07:26:24,2025-08-00142-VAL,3325.00,VAL-B-NCR
2025-09-22T02:49:50,2025-09-00104-SMGRA,4750.00,SMGRA-B-NCR
2025-09-11T09:33:15,2025-09-00114-SMVAL,1425.00,SMVAL-B-NCR
2025-06-25T14:04:01,2025-06-00022-SMGRA,1800.00,SMGRA-B-NCR
2025-08-21T01:41:19,2025-08-00150-SMVAL,125.00,SMVAL-B-NCR
2025-09-14T02:23:17,2025-09-00121-VAL,4975.00,VAL-B-NCR
2025-09-12T04:22:14,2025-09-00122-VAL,300.00,VAL-B-NCR
2025-09-09T13:53:22,2025-09-00106-SMGRA,2075.00,SMGRA-B-NCR
2025-08-16T21:43:26,2025-08-00151-SMVAL,125.00,SMVAL-B-NCR
2025-09-23T02:08:26,2025-09-00115-SMVAL,2425.00,SMVAL-B-NCR
2025-09-01T16:00:21,2025-09-00123-VAL,1850.00,VAL-B-NCR
2025-08-15T14:58:05,2025-08-00152-SMVAL,2800.00,SMVAL-B-NCR
2025-09-05T21:14:28,2025-09-00124-VAL,4000.00,VAL-B-NCR
2025-08-27T16:25:05,2025-08-00140-SMGRA,375.00,SMGRA-B-NCR
2025-09-11T02:27:06,2025-09-00125-VAL,5850.00,VAL-B-NCR
2025-08-05T13:58:18,2025-08-00143-VAL,2600.00,VAL-B-NCR
2025-09-05T19:51:00,2025-09-00117-SMVAL,450.00,SMVAL-B-NCR
2025-08-25T08:41:52,2025-08-00141-SMGRA,875.00,SMGRA-B-NCR
2025-06-26T11:20:26,2025-06-00028-VAL,650.00,VAL-B-NCR
2025-09-21T15:55:21,2025-09-00108-SMGRA,1325.00,SMGRA-B-NCR
2025-07-10T21:49:35,2025-07-00138-SMGRA,950.00,SMGRA-B-NCR
2025-08-26T20:13:33,2025-08-00145-VAL,1675.00,VAL-B-NCR
2025-09-14T15:37:01,2025-09-00126-VAL,2000.00,VAL-B-NCR
2025-08-27T10:45:02,2025-08-00142-SMGRA,2900.00,SMGRA-B-NCR
2025-09-03T21:40:19,2025-09-00127-VAL,4225.00,VAL-B-NCR
2025-08-17T05:04:49,2025-08-00146-VAL,2550.00,VAL-B-NCR
2025-06-25T02:28:13,2025-06-00029-VAL,1725.00,VAL-B-NCR
2025-08-02T14:43:53,2025-08-00143-SMGRA,1575.00,SMGRA-B-NCR
2025-09-20T17:03:54,2025-09-00119-SMVAL,1100.00,SMVAL-B-NCR
2025-09-15T03:39:01,2025-09-00109-SMGRA,4575.00,SMGRA-B-NCR
2025-07-29T12:27:19,2025-07-00157-SMVAL,825.00,SMVAL-B-NCR
2025-08-14T10:21:09,2025-08-00156-SMVAL,300.00,SMVAL-B-NCR
2025-07-21T02:44:47,2025-07-00143-VAL,2200.00,VAL-B-NCR
2025-08-12T03:41:34,2025-08-00158-SMVAL,1125.00,SMVAL-B-NCR
2025-07-21T16:23:35,2025-07-00141-SMGRA,1875.00,SMGRA-B-NCR
2025-08-18T16:09:32,2025-08-00144-SMGRA,3525.00,SMGRA-B-NCR
2025-07-11T00:16:11,2025-07-00158-SMVAL,2875.00,SMVAL-B-NCR
2025-08-27T12:49:05,2025-08-00159-SMVAL,450.00,SMVAL-B-NCR
2025-08-30T15:06:25,2025-08-00145-SMGRA,900.00,SMGRA-B-NCR
2025-06-30T02:18:46,2025-06-00030-VAL,2850.00,VAL-B-NCR
2025-07-03T07:44:24,2025-07-00144-VAL,5675.00,VAL-B-NCR
2025-09-11T09:08:15,2025-09-00129-VAL,1125.00,VAL-B-NCR
2025-08-30T05:47:16,2025-08-00161-SMVAL,4600.00,SMVAL-B-NCR
2025-07-06T19:16:59,2025-07-00161-SMVAL,2300.00,SMVAL-B-NCR
2025-08-24T20:52:11,2025-08-00162-SMVAL,1750.00,SMVAL-B-NCR
2025-09-07T02:21:33,2025-09-00131-VAL,3750.00,VAL-B-NCR
2025-07-14T00:36:54,2025-07-00142-SMGRA,1125.00,SMGRA-B-NCR
2025-08-22T18:36:22,2025-08-00147-SMGRA,2575.00,SMGRA-B-NCR
2025-06-30T11:35:19,2025-06-00031-VAL,4350.00,VAL-B-NCR
2025-08-21T22:29:50,2025-08-00147-VAL,375.00,VAL-B-NCR
2025-08-24T20:55:01,2025-08-00148-VAL,600.00,VAL-B-NCR
2025-09-04T07:35:12,2025-09-00112-SMGRA,675.00,SMGRA-B-NCR
2025-08-12T13:34:29,2025-08-00163-SMVAL,2425.00,SMVAL-B-NCR
2025-09-13T20:50:12,2025-09-00132-VAL,825.00,VAL-B-NCR
2025-06-26T05:52:56,2025-06-00034-SMVAL,375.00,SMVAL-B-NCR
2025-06-28T05:31:05,2025-06-00032-VAL,4475.00,VAL-B-NCR
2025-08-20T15:24:52,2025-08-00148-SMGRA,1675.00,SMGRA-B-NCR
2025-08-10T15:48:42,2025-08-00149-VAL,2800.00,VAL-B-NCR
2025-08-06T12:29:53,2025-08-00165-SMVAL,375.00,SMVAL-B-NCR
2025-09-01T08:19:35,2025-09-00114-SMGRA,1350.00,SMGRA-B-NCR
2025-09-20T17:33:23,2025-09-00133-VAL,1350.00,VAL-B-NCR
2025-07-03T04:52:45,2025-07-00143-SMGRA,1775.00,SMGRA-B-NCR
2025-07-26T03:07:22,2025-07-00149-VAL,3175.00,VAL-B-NCR
2025-07-01T06:43:27,2025-07-00163-SMVAL,1950.00,SMVAL-B-NCR
2025-08-15T14:53:09,2025-08-00150-VAL,575.00,VAL-B-NCR
2025-07-21T09:19:17,2025-07-00144-SMGRA,3350.00,SMGRA-B-NCR
2025-08-15T10:51:52,2025-08-00151-VAL,1750.00,VAL-B-NCR
2025-08-17T15:09:50,2025-08-00153-VAL,1700.00,VAL-B-NCR
2025-09-14T20:59:34,2025-09-00117-SMGRA,2550.00,SMGRA-B-NCR
2025-09-14T08:36:20,2025-09-00119-SMGRA,3175.00,SMGRA-B-NCR
2025-08-27T07:34:51,2025-08-00154-VAL,1700.00,VAL-B-NCR
2025-09-07T23:02:26,2025-09-00123-SMVAL,850.00,SMVAL-B-NCR
2025-07-23T21:50:53,2025-07-00165-SMVAL,950.00,SMVAL-B-NCR
2025-08-04T07:11:24,2025-08-00167-SMVAL,3300.00,SMVAL-B-NCR
2025-09-22T03:08:45,2025-09-00134-VAL,2025.00,VAL-B-NCR
2025-09-22T02:44:01,2025-09-00121-SMGRA,1200.00,SMGRA-B-NCR
2025-09-14T18:10:46,2025-09-00135-VAL,2625.00,VAL-B-NCR
2025-09-02T21:44:37,2025-09-00122-SMGRA,3750.00,SMGRA-B-NCR
2025-09-17T14:37:56,2025-09-00125-SMVAL,3425.00,SMVAL-B-NCR
2025-06-26T17:20:44,2025-06-00035-SMVAL,875.00,SMVAL-B-NCR
2025-07-08T00:11:14,2025-07-00166-SMVAL,3850.00,SMVAL-B-NCR
2025-09-09T10:49:09,2025-09-00126-SMVAL,1125.00,SMVAL-B-NCR
2025-07-09T08:57:59,2025-07-00151-VAL,2750.00,VAL-B-NCR
2025-09-15T00:54:28,2025-09-00123-SMGRA,1725.00,SMGRA-B-NCR
2025-09-10T19:46:41,2025-09-00136-VAL,2125.00,VAL-B-NCR
2025-09-17T20:23:38,2025-09-00128-SMVAL,1225.00,SMVAL-B-NCR
2025-08-27T06:33:58,2025-08-00157-VAL,1150.00,VAL-B-NCR
2025-08-22T10:15:34,2025-08-00150-SMGRA,3375.00,SMGRA-B-NCR
2025-08-07T21:50:14,2025-08-00158-VAL,750.00,VAL-B-NCR
2025-07-12T22:01:51,2025-07-00152-VAL,1775.00,VAL-B-NCR
2025-07-24T21:20:56,2025-07-00167-SMVAL,3775.00,SMVAL-B-NCR
2025-09-10T17:44:20,2025-09-00129-SMVAL,2875.00,SMVAL-B-NCR
2025-08-07T13:42:38,2025-08-00151-SMGRA,2375.00,SMGRA-B-NCR
2025-08-08T07:54:28,2025-08-00169-SMVAL,1100.00,SMVAL-B-NCR
2025-08-18T12:22:42,2025-08-00170-SMVAL,3025.00,SMVAL-B-NCR
2025-09-17T02:42:02,2025-09-00124-SMGRA,3100.00,SMGRA-B-NCR
2025-08-19T12:32:44,2025-08-00152-SMGRA,2050.00,SMGRA-B-NCR
2025-08-20T08:01:18,2025-08-00159-VAL,1775.00,VAL-B-NCR
2025-08-01T21:25:59,2025-08-00160-VAL,1275.00,VAL-B-NCR
2025-07-22T09:22:18,2025-07-00148-SMGRA,2000.00,SMGRA-B-NCR
2025-09-03T00:13:39,2025-09-00137-VAL,1675.00,VAL-B-NCR
2025-07-16T19:40:12,2025-07-00149-SMGRA,1700.00,SMGRA-B-NCR
2025-07-19T05:18:00,2025-07-00154-VAL,375.00,VAL-B-NCR
2025-08-14T03:59:41,2025-08-00161-VAL,3625.00,VAL-B-NCR
2025-08-08T14:46:11,2025-08-00162-VAL,1500.00,VAL-B-NCR
2025-09-17T03:44:22,2025-09-00138-VAL,1700.00,VAL-B-NCR
2025-08-13T15:58:00,2025-08-00163-VAL,2025.00,VAL-B-NCR
2025-08-20T05:27:34,2025-08-00154-SMGRA,750.00,SMGRA-B-NCR
2025-08-23T17:32:53,2025-08-00164-VAL,3500.00,VAL-B-NCR
2025-08-07T21:46:04,2025-08-00166-VAL,900.00,VAL-B-NCR
2025-09-05T03:19:25,2025-09-00141-VAL,3400.00,VAL-B-NCR
2025-08-14T19:36:51,2025-08-00167-VAL,550.00,VAL-B-NCR
2025-07-20T08:32:12,2025-07-00157-VAL,2825.00,VAL-B-NCR
2025-06-25T11:16:35,2025-06-00023-SMGRA,375.00,SMGRA-B-NCR
2025-09-20T01:50:28,2025-09-00125-SMGRA,500.00,SMGRA-B-NCR
2025-08-14T04:33:38,2025-08-00155-SMGRA,500.00,SMGRA-B-NCR
2025-09-14T05:52:43,2025-09-00142-VAL,2300.00,VAL-B-NCR
2025-09-22T07:05:21,2025-09-00143-VAL,1275.00,VAL-B-NCR
2025-08-05T12:25:47,2025-08-00156-SMGRA,1100.00,SMGRA-B-NCR
